Date,Feedback
2023-03-19 11:56:20.077030,aushdahsudas
2023-03-19 11:56:21.674639,aushdahsudaskkkkkkkkkkkkkkkkkkkkkkkk
2023-03-19 11:56:23.690440,qqqqqqqqq
2023-03-19 11:56:37.814036,AÃ¬ dentuuu
2023-03-19 14:06:18.434537,Hillow
2023-08-26 14:13:19.138020,Hi this is a very cool tool!
2023-08-26 14:13:27.833539,Hi this is a very cool tool!
2023-08-26 14:13:33.284558,Hi this is a very cool tool!
2023-08-26 14:13:37.405810,Hi this is a very cool tool!
2023-08-26 14:14:11.945864,Hi this is a very cool tool!
2023-08-26 14:14:50.490840,Hi this is a very cool tool!
2023-08-26 14:14:52.957064,Hi this is a very cool tool!
2023-08-26 14:14:56.894795,Hi this is a very cool tool!
2023-08-26 14:14:58.734190,Hi this is a very cool tool!
2023-08-26 14:15:01.578395,Hi this is a very cool tool!
2023-08-26 14:15:03.826580,Hi this is a very cool tool!
2023-08-26 14:15:05.722285,Hi this is a very cool tool!
2023-08-26 14:15:10.465114,Hi this is a very cool tool!
2023-08-26 14:15:13.867741,Hi this is a very cool tool!
2023-08-26 14:15:28.857986,Hi this is a very cool tool!
2023-08-26 14:15:29.662865,Hi this is a very cool tool!
2023-08-26 14:15:38.273203,Hi this is a very cool tool!
